segment-number, segment-size, segment-rate, segment-speed, timestamp, server-ip, server-name, client-ip
1,25000,100,197,2017-02-18  00:00:01,216.58.205.209,neubot.mlab.mlab1.yyz01.measurement-lab.org,162.219.48.19
2,37500,150,394
3,75000,300,785
4,175000,700,1102
5,225000,900,1770
6,375000,1500,843
7,37500,150,169
8,37500,150,237
9,50000,200,315
10,75000,300,375
11,75000,300,400
12,100000,400,525
13,125000,500,563
14,125000,500,657
15,125000,500,657

1,25000,100,200,2017-02-18  00:10:01,216.58.205.209,neubot.mlab.mlab1.ord04.measurement-lab.org,173.205.3.211
2,50000,200,400
3,100000,400,797
4,175000,700,1349
5,300000,1200,1916
6,375000,1500,1091
7,125000,500,400
8,75000,300,800
9,175000,700,1400
10,300000,1200,1910
11,375000,1500,2000
12,500000,2000,2283
13,500000,2000,2281
14,500000,2000,2284
15,500000,2000,1600

1,25000,100,196,2017-02-18  00:20:01,216.58.205.209,neubot.mlab.mlab1.ord05.measurement-lab.org,128.177.163.19
2,37500,150,392
3,75000,300,782
4,175000,700,492
5,62500,250,489
6,100000,400,626
7,125000,500,652
8,125000,500,652
9,125000,500,783
10,175000,700,783
11,175000,700,914
12,225000,900,882
13,175000,700,914
14,225000,900,1005
15,225000,900,1007

1,25000,100,145,2017-02-18  00:30:01,216.58.205.209,neubot.mlab.mlab1.akl01.measurement-lab.org,163.7.129.19
2,25000,100,291
3,62500,250,483
4,100000,400,774
5,175000,700,1015
6,225000,900,1308
7,300000,1200,2314
8,500000,2000,1056
9,25000,100,291
10,62500,250,725
11,175000,700,1350
12,300000,1200,1738
13,375000,1500,1743
14,375000,1500,2174
15,500000,2000,1936

1,25000,100,169,2017-02-18  00:40:02,216.58.205.209,neubot.mlab.mlab1.lax03.measurement-lab.org,173.205.3.83
2,37500,150,339
3,75000,300,649
4,125000,500,843
5,175000,700,1183
6,225000,900,2025
7,500000,2000,894
8,25000,100,338
9,75000,300,677
10,125000,500,1123
11,225000,900,1523
12,375000,1500,2026
13,500000,2000,2253
14,500000,2000,2254
15,500000,2000,1932

1,25000,100,163,2017-02-18  00:50:01,216.58.205.209,neubot.mlab.mlab1.nuq04.measurement-lab.org,66.110.32.83
2,37500,150,322
3,75000,300,636
4,125000,500,827
5,175000,700,1545
6,375000,1500,1928
7,375000,1500,574
8,25000,100,128
9,25000,100,331
10,75000,300,662
11,125000,500,1085
12,225000,900,1442
13,300000,1200,1966
14,375000,1500,2477
15,500000,2000,2198

1,25000,100,204,2017-02-18  01:00:01,216.58.205.209,neubot.mlab.mlab1.ord01.measurement-lab.org,4.71.251.146
2,50000,200,543
3,125000,500,814
4,175000,700,1423
5,300000,1200,1958
6,375000,1500,875
7,62500,250,1019
8,225000,900,1469
9,300000,1200,1959
10,375000,1500,2443
11,500000,2000,2331
12,500000,2000,1483
13,225000,900,1225
14,300000,1200,1398
15,300000,1200,1397

1,25000,100,167,2017-02-18  01:10:01,216.58.205.209,neubot.mlab.mlab1.dfw05.measurement-lab.org,128.177.163.83
2,37500,150,333
3,75000,300,667
4,125000,500,834
5,175000,700,1168
6,225000,900,1997
7,375000,1500,279
8,25000,100,167
9,37500,150,335
10,75000,300,667
11,125000,500,836
12,175000,700,1557
13,375000,1500,1672
14,375000,1500,1670
15,375000,1500,2001

1,25000,100,169,2017-02-18  01:20:01,216.58.205.209,neubot.mlab.mlab1.nuq03.measurement-lab.org,38.102.163.147
2,37500,150,338
3,75000,300,673
4,125000,500,841
5,175000,700,1179
6,225000,900,2019
7,500000,2000,964
8,25000,100,337
9,75000,300,674
10,125000,500,1122
11,225000,900,1517
12,375000,1500,2021
13,500000,2000,2245
14,500000,2000,2246
15,500000,2000,1927

1,25000,100,216,2017-02-18  01:30:01,216.58.205.209,neubot.mlab.mlab1.iad04.measurement-lab.org,173.205.4.19
2,50000,200,543
3,125000,500,1030
4,225000,900,1550
5,375000,1500,1168
6,175000,700,659
7,125000,500,2141
8,500000,2000,2458
9,500000,2000,1395
10,175000,700,1206
11,300000,1200,1293
12,300000,1200,1477
13,300000,1200,1477
14,300000,1200,1580
15,375000,1500,1617

1,25000,100,198,2017-02-18  01:40:02,216.58.205.209,neubot.mlab.mlab1.yyz01.measurement-lab.org,162.219.48.19
2,37500,150,395
3,75000,300,788
4,175000,700,1102
5,225000,900,1776
6,375000,1500,791
7,25000,100,198
8,37500,150,296
9,62500,250,395
10,75000,300,474
11,100000,400,526
12,125000,500,564
13,125000,500,658
14,125000,500,765
15,175000,700,790

1,25000,100,257,2017-02-18  01:50:02,216.58.205.209,neubot.mlab.mlab1.hnd01.measurement-lab.org,203.178.130.211
2,62500,250,642
3,125000,500,1281
4,300000,1200,2462
5,500000,2000,719
6,25000,100,515
7,125000,500,1709
8,375000,1500,2203
9,500000,2000,2286
10,500000,2000,1581
11,225000,900,1321
12,300000,1200,1371
13,300000,1200,1537
14,375000,1500,1709
15,375000,1500,1715

1,25000,100,276,2017-02-18  02:00:01,216.58.198.49,neubot.mlab.mlab1.beg01.measurement-lab.org,188.120.127.19
2,62500,250,688
3,125000,500,1375
4,300000,1200,399
5,25000,100,369
6,75000,300,552
7,125000,500,614
8,125000,500,691
9,125000,500,502
10,125000,500,614
11,125000,500,788
12,175000,700,858
13,175000,700,407
14,25000,100,368
15,75000,300,473

1,25000,100,137,2017-02-18  02:10:01,216.58.205.209,neubot.mlab.mlab1.tpe01.measurement-lab.org,163.22.28.19
2,25000,100,274
3,62500,250,456
4,100000,400,730
5,175000,700,959
6,225000,900,1641
7,375000,1500,2050
8,500000,2000,777
9,25000,100,275
10,62500,250,684
11,125000,500,912
12,225000,900,1233
13,300000,1200,1640
14,375000,1500,1644
15,375000,1500,1644

1,25000,100,110,2017-02-18  02:20:01,216.58.205.209,neubot.mlab.mlab1.ath03.measurement-lab.org,193.201.166.147
2,25000,100,220
3,50000,200,293
4,62500,250,366
5,75000,300,440
6,100000,400,586
7,125000,500,732
8,175000,700,1024
9,225000,900,1317
10,300000,1200,1756
11,375000,1500,2196
12,500000,2000,515
13,25000,100,220
14,50000,200,440
15,100000,400,586

1,25000,100,197,2017-02-18  02:30:01,216.58.205.209,neubot.mlab.mlab1.ord05.measurement-lab.org,128.177.163.19
2,37500,150,393
3,75000,300,783
4,175000,700,1096
5,225000,900,1761
6,375000,1500,785
7,25000,100,157
8,37500,150,294
9,62500,250,327
10,75000,300,392
11,75000,300,471
12,100000,400,522
13,125000,500,561
14,125000,500,653
15,125000,500,654

1,25000,100,191,2017-02-18  02:40:01,216.58.205.209,neubot.mlab.mlab1.dfw03.measurement-lab.org,4.15.35.147
2,37500,150,383
3,75000,300,575
4,125000,500,958
5,225000,900,1721
6,375000,1500,1915
7,375000,1500,885
8,62500,250,959
9,225000,900,2294
10,500000,2000,2189
11,500000,2000,2190
12,500000,2000,2192
13,500000,2000,1884
14,375000,1500,1279
15,225000,900,1379

1,25000,100,168,2017-02-18  02:50:01,216.58.205.209,neubot.mlab.mlab1.par01.measurement-lab.org,80.239.168.212
2,37500,150,335
3,75000,300,669
4,125000,500,836
5,175000,700,1170
6,225000,900,2003
1,25000,100,199
2,37500,150,399
3,75000,300,795
4,175000,700,1112
5,225000,900,1788
6,375000,1500,1088
7,125000,500,398
8,62500,250,995
9,225000,900,1431
10,300000,1200,1586
11,375000,1500,1490
12,300000,1200,1586
13,375000,1500,1700
14,375000,1500,1700
15,375000,1500,1706

1,25000,100,205,2017-02-18  03:10:01,216.58.205.209,neubot.mlab.mlab1.ord01.measurement-lab.org,4.71.251.146
2,50000,200,545
3,125000,500,817
4,175000,700,1430
5,300000,1200,2450
6,500000,2000,902
7,25000,100,410
8,100000,400,1632
9,375000,1500,775
10,25000,100,411
11,100000,400,1635
12,375000,1500,2048
13,500000,2000,2049
14,500000,2000,2050
15,500000,2000,2052

1,25000,100,206,2017-02-18  03:20:01,216.58.205.209,neubot.mlab.mlab1.atl02.measurement-lab.org,38.112.151.83
2,50000,200,547
3,125000,500,1026
4,225000,900,1480
5,300000,1200,2465
6,500000,2000,969
7,25000,100,411
8,100000,400,1640
9,375000,1500,2054
10,500000,2000,2057
11,500000,2000,2294
12,500000,2000,1492
13,225000,900,1230
14,300000,1200,1231
15,300000,1200,1406

1,25000,100,168,2017-02-18  03:30:01,216.58.205.177,neubot.mlab.mlab1.yyc01.measurement-lab.org,162.219.50.19
2,37500,150,336
3,75000,300,671
4,125000,500,840
5,175000,700,1178
6,225000,900,2013
7,500000,2000,1495
8,225000,900,1211
9,300000,1200,1613
10,375000,1500,1680
11,375000,1500,1681
12,375000,1500,1681
13,375000,1500,1682
14,375000,1500,1682
15,375000,1500,1683

1,25000,100,202,2017-02-18  03:40:01,216.58.205.209,neubot.mlab.mlab1.lga03.measurement-lab.org,64.86.148.147
2,50000,200,538
3,125000,500,1006
4,225000,900,1452
5,300000,1200,2417
6,500000,2000,1466
7,225000,900,1814
8,375000,1500,2017
9,500000,2000,2017
10,500000,2000,2019
11,500000,2000,2296
12,500000,2000,2299
13,500000,2000,2301
14,500000,2000,2016
15,500000,2000,889

1,25000,100,139,2017-02-18  03:50:01,216.58.205.209,neubot.mlab.mlab1.iad01.measurement-lab.org,216.156.197.147
2,25000,100,278
3,62500,250,462
4,100000,400,555
5,125000,500,693
6,125000,500,923
7,225000,900,1247
8,300000,1200,1663
9,375000,1500,2767
10,625000,2500,941
11,25000,100,278
12,62500,250,694
13,125000,500,1387
14,300000,1200,2218
15,500000,2000,450

1,25000,100,157,2017-02-18  04:00:01,74.125.131.141,neubot.mlab.mlab1.den04.measurement-lab.org,128.177.109.83
2,37500,150,314
3,75000,300,626
4,125000,500,783
5,175000,700,1098
6,225000,900,1877
7,375000,1500,1880
8,375000,1500,717
9,25000,100,314
10,75000,300,940
11,225000,900,1411
12,300000,1200,1505
13,375000,1500,1836
14,375000,1500,1880
15,375000,1500,1878

1,25000,100,210,2017-02-18  04:10:01,216.58.205.209,neubot.mlab.mlab1.iad02.measurement-lab.org,38.90.140.147
2,50000,200,558
3,125000,500,838
4,175000,700,1174
5,225000,900,1887
6,375000,1500,869
7,50000,200,215
8,50000,200,559
9,125000,500,1048
10,225000,900,1884
11,375000,1500,2096
12,500000,2000,2098
13,500000,2000,2391
14,500000,2000,1860
15,375000,1500,1259

1,25000,100,203,2017-02-18  04:20:01,216.58.205.209,neubot.mlab.mlab1.mnl01.measurement-lab.org,202.90.156.19
2,50000,200,539
3,125000,500,1009
4,225000,900,1455
5,300000,1200,2426
6,500000,2000,461
7,25000,100,405
8,100000,400,1079
9,225000,900,1821
10,375000,1500,2426
11,500000,2000,1013
12,25000,100,406
13,100000,400,1078
14,225000,900,1215
15,300000,1200,1388

1,25000,100,141,2017-02-18  04:30:01,216.58.198.49,neubot.mlab.mlab1.wlg02.measurement-lab.org,163.7.129.83
2,25000,100,281
3,62500,250,468
4,100000,400,562
5,125000,500,935
6,225000,900,1264
7,300000,1200,1686
8,375000,1500,805
9,25000,100,80
10,25000,100,132
11,25000,100,141
12,25000,100,181
13,37500,150,211
14,50000,200,225
15,50000,200,281

1,25000,100,168,2017-02-18  04:40:01,172.217.23.81,neubot.mlab.mlab1.atl05.measurement-lab.org,67.106.215.211
2,37500,150,335
3,75000,300,502
4,125000,500,836
5,175000,700,1171
6,225000,900,1505
7,375000,1500,2007
8,500000,2000,1089
9,37500,150,503
10,125000,500,837
11,175000,700,1171
12,225000,900,2004
13,500000,2000,1913
14,375000,1500,2008
15,500000,2000,2229

1,25000,100,137,2017-02-18  04:50:01,216.58.205.209,neubot.mlab.mlab1.iad01.measurement-lab.org,216.156.197.147
2,25000,100,274
3,62500,250,456
4,100000,400,548
5,125000,500,912
6,225000,900,1232
7,300000,1200,1642
8,375000,1500,2732
9,625000,2500,868
10,25000,100,275
11,62500,250,685
12,125000,500,1369
13,300000,1200,3274
14,750000,3000,632
15,25000,100,274

1,25000,100,188,2017-02-18  05:00:01,216.58.205.49,neubot.mlab.mlab1.dfw01.measurement-lab.org,38.107.216.20
2,37500,150,375
3,75000,300,748
4,175000,700,1044
5,225000,900,1681
6,375000,1500,2239
7,500000,2000,351
8,25000,100,374
9,75000,300,1122
10,225000,900,1681
11,375000,1500,1868
12,375000,1500,1865
13,375000,1500,1862
14,375000,1500,1873
15,375000,1500,2232

1,25000,100,264,2017-02-18  05:10:01,172.217.23.113,neubot.mlab.mlab1.svg01.measurement-lab.org,81.167.39.19
2,62500,250,658
3,125000,500,1313
4,300000,1200,2528
5,625000,2500,732
6,25000,100,527
7,125000,500,1753
8,375000,1500,2256
9,500000,2000,2339
10,500000,2000,1622
11,300000,1200,1265
12,300000,1200,1405
13,300000,1200,1405
14,300000,1200,1581
15,375000,1500,1755

1,25000,100,205,2017-02-18  05:20:01,216.58.198.49,neubot.mlab.mlab1.ord01.measurement-lab.org,4.71.251.146
2,50000,200,544
3,125000,500,816
4,175000,700,1142
5,225000,900,1470
6,300000,1200,2448
7,500000,2000,860
8,25000,100,409
9,100000,400,1089
10,225000,900,1836
11,375000,1500,2446
12,500000,2000,1633
13,300000,1200,1090
14,225000,900,1225
15,300000,1200,1225

1,25000,100,169,2017-02-18  05:30:01,216.58.194.49,neubot.mlab.mlab1.sea04.measurement-lab.org,4.71.157.147
2,37500,150,337
3,75000,300,673
4,125000,500,842
5,175000,700,1178
6,225000,900,1515
7,375000,1500,2519
8,625000,2500,843
9,25000,100,337
10,75000,300,1008
11,225000,900,1514
12,375000,1500,1479
13,300000,1200,1616
14,375000,1500,1683
15,375000,1500,1684

1,25000,100,167,2017-02-18  05:40:01,216.58.205.209,neubot.mlab.mlab1.par01.measurement-lab.org,80.239.168.212
2,37500,150,333
3,75000,300,665
4,125000,500,830
5,175000,700,1163
6,225000,900,1495
7,300000,1200,2653
8,625000,2500,792
9,25000,100,333
10,75000,300,997
11,225000,900,1496
12,300000,1200,1595
13,375000,1500,1661
14,375000,1500,1662
15,375000,1500,1663

1,25000,100,170,2017-02-18  05:50:01,216.58.205.209,neubot.mlab.mlab1.lax03.measurement-lab.org,173.205.3.83
2,37500,150,339
3,75000,300,676
4,125000,500,845
5,175000,700,1577
6,375000,1500,2535
7,625000,2500,802
8,25000,100,339
9,75000,300,1015
10,225000,900,1523
11,375000,1500,1691
12,375000,1500,1692
13,375000,1500,1693
14,375000,1500,1693
15,375000,1500,1693

1,25000,100,258,2017-02-18  06:00:01,216.58.210.241,neubot.mlab.mlab1.hnd01.measurement-lab.org,203.178.130.211
2,62500,250,643
3,125000,500,1283
4,300000,1200,2057
5,500000,2000,1084
6,37500,150,773
7,175000,700,1799
8,375000,1500,2206
9,500000,2000,2286
10,500000,2000,1717
11,300000,1200,1030
12,175000,700,1030
13,225000,900,1159
14,225000,900,1323
15,300000,1200,1373

1,25000,100,277,2017-02-18  06:10:01,216.58.205.209,neubot.mlab.mlab1.beg01.measurement-lab.org,188.120.127.19
2,62500,250,692
3,125000,500,1381
4,300000,1200,2650
5,625000,2500,1730
6,225000,900,1989
7,375000,1500,2074
8,500000,2000,2170
9,500000,2000,2212
10,500000,2000,1231
11,100000,400,1106
12,225000,900,1246
13,300000,1200,1476
14,300000,1200,1022
15,175000,700,861

1,25000,100,201,2017-02-18  06:20:01,216.58.198.17,neubot.mlab.mlab1.yul01.measurement-lab.org,162.219.49.19
2,50000,200,534
3,125000,500,801
4,175000,700,1122
5,225000,900,1803
6,375000,1500,1336
7,225000,900,710
8,125000,500,1336
9,300000,1200,1921
10,375000,1500,2001
11,500000,2000,2003
12,500000,2000,2004
13,500000,2000,2005
14,500000,2000,2006
15,500000,2000,2290

1,25000,100,182,2017-02-18  06:30:01,216.58.194.49,neubot.mlab.mlab1.dfw02.measurement-lab.org,64.86.132.83
2,37500,150,364
3,75000,300,726
4,175000,700,1018
5,225000,900,1634
6,375000,1500,2180
7,500000,2000,302
8,25000,100,364
9,75000,300,1087
10,225000,900,1631
11,375000,1500,1815
12,375000,1500,2176
13,500000,2000,2076
14,500000,2000,2076
15,500000,2000,2076

1,25000,100,215,2017-02-18  06:40:01,216.58.205.49,neubot.mlab.mlab1.lga02.measurement-lab.org,38.106.70.144
2,50000,200,430
3,100000,400,857
4,175000,700,1201
5,300000,1200,1716
6,375000,1500,2147
7,500000,2000,1064
8,25000,100,431
9,100000,400,1713
10,375000,1500,1841
11,375000,1500,1840
12,375000,1500,2144
13,500000,2000,2145
14,500000,2000,2147
15,500000,2000,2148

1,25000,100,200,2017-02-18  06:50:01,216.58.205.49,neubot.mlab.mlab1.iad03.measurement-lab.org,66.198.10.147
2,50000,200,531
3,125000,500,995
4,225000,900,1433
5,300000,1200,2385
6,500000,2000,529
7,25000,100,399
8,75000,300,1193
9,225000,900,1434
10,300000,1200,1593
11,375000,1500,1707
12,375000,1500,1706
13,375000,1500,1706
14,375000,1500,1708
15,375000,1500,1707

1,25000,100,94,2017-02-18  07:00:01,216.58.210.241,neubot.mlab.mlab1.jnb01.measurement-lab.org,196.24.45.147
2,25000,100,188
3,37500,150,282
4,62500,250,313
5,75000,300,376
6,75000,300,564
7,125000,500,627
8,125000,500,627
9,125000,500,940
10,225000,900,1128
11,225000,900,1128
12,225000,900,1128
13,225000,900,1689
14,375000,1500,1879
15,375000,1500,1129

1,25000,100,94,2017-02-18  07:10:01,216.58.205.209,neubot.mlab.mlab1.jnb01.measurement-lab.org,196.24.45.147
2,25000,100,188
3,37500,150,282
4,62500,250,313
5,75000,300,376
6,75000,300,376
7,75000,300,564
8,125000,500,627
9,125000,500,627
10,125000,500,627
11,125000,500,939
12,225000,900,1128
13,225000,900,1128
14,225000,900,1128
15,225000,900,1690

1,25000,100,165,2017-02-18  07:20:01,216.58.210.241,neubot.mlab.mlab1.lax01.measurement-lab.org,38.98.51.19
2,37500,150,330
3,75000,300,495
4,100000,400,879
5,175000,700,1154
6,225000,900,1484
7,300000,1200,1977
8,375000,1500,396
9,25000,100,108
10,25000,100,220
11,50000,200,440
12,100000,400,660
13,125000,500,825
14,175000,700,1155
15,225000,900,1483

1,25000,100,215,2017-02-18  07:30:01,216.58.210.241,neubot.mlab.mlab1.lga05.measurement-lab.org,4.35.94.19
2,50000,200,429
3,100000,400,856
4,175000,700,1496
5,300000,1200,2058
6,500000,2000,650
7,25000,100,430
8,100000,400,1143
9,225000,900,1542
10,375000,1500,2142
11,500000,2000,2142
12,500000,2000,2446
13,500000,2000,1072
14,25000,100,429
15,100000,400,1141

1,25000,100,299,2017-02-18  07:40:01,216.58.210.241,neubot.mlab.mlab1.vie01.measurement-lab.org,213.208.152.19
2,62500,250,746
3,175000,700,1668
4,375000,1500,902
5,75000,300,398
6,75000,300,716
7,175000,700,929
8,225000,900,1075
9,225000,900,1194
10,225000,900,1343
11,300000,1200,1432
12,300000,1200,1591
13,375000,1500,1789
14,375000,1500,1791
15,375000,1500,1988

1,25000,100,187,2017-02-18  07:50:01,216.58.210.241,neubot.mlab.mlab1.dfw05.measurement-lab.org,128.177.163.83
2,37500,150,373
3,75000,300,745
4,175000,700,1044
5,225000,900,1677
6,375000,1500,826
7,37500,150,138
8,25000,100,187
9,37500,150,224
10,50000,200,299
11,62500,250,311
12,75000,300,374
13,75000,300,448
14,100000,400,479
15,100000,400,498

1,25000,100,203,2017-02-18  08:00:01,216.58.198.17,neubot.mlab.mlab1.atl04.measurement-lab.org,173.205.0.211
2,50000,200,539
3,125000,500,1009
4,225000,900,1454
5,300000,1200,1942
6,375000,1500,810
7,25000,100,162
8,37500,150,405
9,100000,400,809
10,175000,700,828
11,175000,700,514
12,75000,300,808
13,175000,700,707
14,175000,700,629
15,125000,500,675

1,25000,100,217,2017-02-18  08:10:01,216.58.210.241,neubot.mlab.mlab1.lga02.measurement-lab.org,38.106.70.144
2,50000,200,578
3,125000,500,866
4,175000,700,1517
5,375000,1500,2597
6,625000,2500,986
7,25000,100,435
8,100000,400,1730
9,375000,1500,1857
10,375000,1500,1858
11,375000,1500,1859
12,375000,1500,1860
13,375000,1500,2166
14,500000,2000,2168
15,500000,2000,2168

1,25000,100,205,2017-02-18  08:20:01,216.58.210.241,neubot.mlab.mlab1.ord01.measurement-lab.org,4.71.251.146
2,50000,200,546
3,125000,500,817
4,175000,700,1430
5,300000,1200,1964
6,375000,1500,1116
7,175000,700,478
8,62500,250,1022
9,225000,900,1474
10,300000,1200,1963
11,375000,1500,2045
12,500000,2000,2335
13,500000,2000,2337
14,500000,2000,2336
15,500000,2000,1489

1,25000,100,309,2017-02-18  08:30:01,216.58.205.49,neubot.mlab.mlab1.ams01.measurement-lab.org,213.244.128.148
2,75000,300,923
3,225000,900,1846
4,375000,1500,1157
5,175000,700,1234
6,300000,1200,2465
7,500000,2000,2018
8,500000,2000,1542
9,225000,900,1585
10,375000,1500,1683
11,375000,1500,1850
12,375000,1500,2054
13,500000,2000,2243
14,500000,2000,2243
15,500000,2000,1543

1,25000,100,203,2017-02-18  08:40:01,216.58.198.17,neubot.mlab.mlab1.ord02.measurement-lab.org,38.65.210.211
2,50000,200,541
3,125000,500,809
4,175000,700,1134
5,225000,900,1824
6,375000,1500,708
7,25000,100,163
8,37500,150,305
9,75000,300,406
10,100000,400,464
11,100000,400,542
12,125000,500,581
13,125000,500,678
14,125000,500,678
15,125000,500,677

1,25000,100,220,2017-02-18  08:50:01,216.58.210.241,neubot.mlab.mlab1.iad05.measurement-lab.org,4.35.238.211
2,50000,200,585
3,125000,500,1095
4,225000,900,1971
5,375000,1500,1879
6,375000,1500,985
7,100000,400,1747
8,375000,1500,1878
9,375000,1500,1879
10,375000,1500,1879
11,375000,1500,1881
12,375000,1500,2190
13,500000,2000,2192
14,500000,2000,2192
15,500000,2000,2194

1,25000,100,280,2017-02-18  09:00:01,216.58.210.241,neubot.mlab.mlab1.tun01.measurement-lab.org,41.231.21.19
2,62500,250,926
3,225000,900,2005
4,500000,2000,1314
5,125000,500,1853
6,375000,1500,2393
7,500000,2000,1360
8,175000,700,1943
9,375000,1500,2091
10,500000,2000,2231
11,500000,2000,2028
12,500000,2000,1490
13,225000,900,1671
14,375000,1500,1859
15,375000,1500,2040

1,25000,100,173,2017-02-18  09:10:01,216.58.205.177,neubot.mlab.mlab1.lax04.measurement-lab.org,4.15.166.19
2,37500,150,345
3,75000,300,518
4,125000,500,862
5,175000,700,1207
6,300000,1200,2067
7,500000,2000,1381
8,175000,700,1207
9,300000,1200,1654
10,375000,1500,1724
11,375000,1500,1723
12,375000,1500,1724
13,375000,1500,1724
14,375000,1500,1725
15,375000,1500,1724

1,25000,100,216,2017-02-18  09:20:01,172.217.23.81,neubot.mlab.mlab1.lga02.measurement-lab.org,38.106.70.144
2,50000,200,545
3,125000,500,1034
4,225000,900,1549
5,375000,1500,2579
6,625000,2500,862
7,25000,100,432
8,100000,400,1715
9,375000,1500,1843
10,375000,1500,1844
11,375000,1500,1843
12,375000,1500,1845
13,375000,1500,1845
14,375000,1500,2149
15,500000,2000,2150

1,25000,100,164,2017-02-18  09:30:01,216.58.205.177,neubot.mlab.mlab1.nuq05.measurement-lab.org,216.156.85.211
2,37500,150,328
3,75000,300,491
4,100000,400,872
5,175000,700,1145
6,225000,900,1471
7,300000,1200,1961
8,375000,1500,1092
9,125000,500,328
10,37500,150,492
11,100000,400,872
12,175000,700,1526
13,375000,1500,1638
14,375000,1500,1963
15,375000,1500,1962

1,25000,100,199,2017-02-18  09:40:01,216.58.210.241,neubot.mlab.mlab1.ord03.measurement-lab.org,66.198.24.83
2,37500,150,383
3,75000,300,791
4,175000,700,1386
5,300000,1200,2291
6,500000,2000,1584
7,225000,900,1781
8,375000,1500,1978
9,375000,1500,1979
10,375000,1500,1978
11,375000,1500,1979
12,375000,1500,1979
13,375000,1500,1978
14,375000,1500,1980
15,375000,1500,1981

1,25000,100,205,2017-02-18  09:50:01,216.58.210.241,neubot.mlab.mlab1.ord01.measurement-lab.org,4.71.251.146
2,50000,200,545
3,125000,500,817
4,175000,700,1427
5,300000,1200,2445
6,500000,2000,838
7,25000,100,410
8,100000,400,1629
9,375000,1500,1533
10,375000,1500,1750
11,375000,1500,1749
12,375000,1500,1751
13,375000,1500,1751
14,375000,1500,1752
15,375000,1500,2041

1,25000,100,279,2017-02-18  10:00:02,216.58.210.241,neubot.mlab.mlab1.tun01.measurement-lab.org,41.231.21.19
2,62500,250,925
3,225000,900,2003
4,500000,2000,1061
5,25000,100,558
6,125000,500,1842
7,375000,1500,2776
8,625000,2500,1393
9,62500,250,1388
10,300000,1200,2220
11,500000,2000,2227
12,500000,2000,2224
13,500000,2000,1486
14,225000,900,1667
15,375000,1500,1854

1,25000,100,110,2017-02-18  10:10:01,216.58.218.145,neubot.mlab.mlab1.ath03.measurement-lab.org,193.201.166.147
2,25000,100,220
3,50000,200,293
4,62500,250,366
5,75000,300,633
6,125000,500,732
7,175000,700,1025
8,225000,900,1316
9,300000,1200,1755
10,375000,1500,2195
11,500000,2000,483
12,25000,100,220
13,50000,200,439
14,100000,400,586
15,125000,500,732

1,25000,100,191,2017-02-18  10:20:01,216.58.205.209,neubot.mlab.mlab1.dfw03.measurement-lab.org,4.15.35.147
2,37500,150,382
3,75000,300,762
4,175000,700,1333
5,300000,1200,1830
6,375000,1500,1432
7,300000,1200,764
8,75000,300,1144
9,225000,900,1717
10,375000,1500,2285
11,500000,2000,2178
12,500000,2000,2179
13,500000,2000,1909
14,375000,1500,1041
15,125000,500,1270

1,25000,100,184,2017-02-18  10:30:01,216.58.205.49,neubot.mlab.mlab1.den02.measurement-lab.org,4.34.58.19
2,37500,150,367
3,75000,300,733
4,175000,700,1281
5,300000,1200,2197
6,500000,2000,1049
7,25000,100,368
8,75000,300,1099
9,225000,900,1650
10,375000,1500,1834
11,375000,1500,2198
12,500000,2000,2095
13,500000,2000,2096
14,500000,2000,1631
15,300000,1200,350

1,25000,100,296,2017-02-18  10:40:01,216.58.205.209,neubot.mlab.mlab1.vie01.measurement-lab.org,213.208.152.19
2,62500,250,737
3,175000,700,1380
4,300000,1200,2832
5,625000,2500,1139
6,25000,100,592
7,125000,500,1966
8,375000,1500,2219
9,500000,2000,1973
10,375000,1500,1367
11,300000,1200,1578
12,375000,1500,1775
13,375000,1500,1776
14,375000,1500,1972
15,375000,1500,1975

1,25000,100,208,2017-02-18  10:50:01,216.58.210.241,neubot.mlab.mlab1.atl01.measurement-lab.org,4.71.254.146
2,50000,200,552
3,125000,500,828
4,175000,700,1448
5,300000,1200,2479
6,500000,2000,1184
7,75000,300,1240
8,300000,1200,1985
9,375000,1500,2068
10,500000,2000,2069
11,500000,2000,2072
12,500000,2000,2366
13,500000,2000,1522
14,225000,900,1861
15,375000,1500,2066

1,25000,100,172,2017-02-18  11:00:01,172.217.23.81,neubot.mlab.mlab1.lax04.measurement-lab.org,4.15.166.19
2,37500,150,344
3,75000,300,686
4,125000,500,858
5,175000,700,1202
6,300000,1200,2057
7,500000,2000,524
8,25000,100,345
9,75000,300,1028
10,225000,900,1544
11,375000,1500,2060
12,500000,2000,1962
13,375000,1500,2060
14,500000,2000,1964
15,375000,1500,2060

1,25000,100,215,2017-02-18  11:10:01,216.58.205.209,neubot.mlab.mlab1.lga05.measurement-lab.org,4.35.94.19
2,50000,200,569
3,125000,500,857
4,175000,700,1496
5,300000,1200,2564
6,625000,2500,825
7,25000,100,429
8,100000,400,1707
9,375000,1500,1836
10,375000,1500,2139
11,500000,2000,2140
12,500000,2000,2142
13,500000,2000,2141
14,500000,2000,2143
15,500000,2000,2446

1,25000,100,167,2017-02-18  11:20:01,216.58.205.209,neubot.mlab.mlab1.nuq02.measurement-lab.org,149.20.5.83
2,37500,150,334
3,75000,300,666
4,125000,500,834
5,175000,700,1164
6,225000,900,1498
7,300000,1200,1997
8,375000,1500,1250
9,225000,900,1169
10,225000,900,1499
11,300000,1200,1598
12,375000,1500,1667
13,375000,1500,1947
14,375000,1500,1995
15,375000,1500,1996

1,25000,100,201,2017-02-18  11:30:01,216.58.205.209,neubot.mlab.mlab1.yul01.measurement-lab.org,162.219.49.19
2,50000,200,534
3,125000,500,964
4,225000,900,1799
5,375000,1500,2398
6,500000,2000,1002
7,25000,100,401
8,100000,400,1596
9,375000,1500,1718
10,375000,1500,2000
11,500000,2000,2002
12,500000,2000,2001
13,500000,2000,2003
14,500000,2000,2059
15,500000,2000,2286

1,25000,100,110,2017-02-18  11:40:01,172.217.6.145,neubot.mlab.mlab1.ath03.measurement-lab.org,193.201.166.147
2,25000,100,220
3,50000,200,293
4,62500,250,366
5,75000,300,439
6,100000,400,586
7,125000,500,732
8,175000,700,1025
9,225000,900,1317
10,300000,1200,1755
11,375000,1500,1647
12,375000,1500,497
13,25000,100,220
14,50000,200,440
15,100000,400,879

1,25000,100,143,2017-02-18  11:50:01,172.217.23.113,neubot.mlab.mlab1.wlg02.measurement-lab.org,163.7.129.83
2,25000,100,286
3,62500,250,475
4,100000,400,571
5,125000,500,951
6,225000,900,1282
7,300000,1200,1711
8,375000,1500,2139
9,500000,2000,762
10,25000,100,286
11,62500,250,713
12,175000,700,999
13,225000,900,1651
14,375000,1500,1711
15,375000,1500,1712

1,25000,100,167,2017-02-18  12:00:01,172.217.6.177,neubot.mlab.mlab1.lax05.measurement-lab.org,128.177.109.211
2,37500,150,335
3,75000,300,668
4,125000,500,1112
5,225000,900,1503
6,375000,1500,2005
7,500000,2000,956
8,25000,100,335
9,75000,300,1003
10,225000,900,2001
11,500000,2000,1911
12,375000,1500,2004
13,500000,2000,2184
14,500000,2000,2226
15,500000,2000,2228

1,25000,100,169,2017-02-18  12:10:01,172.217.23.81,neubot.mlab.mlab1.lga06.measurement-lab.org,128.177.119.211
2,37500,150,338
3,75000,300,675
4,125000,500,845
5,175000,700,1183
6,225000,900,2023
7,500000,2000,1128
8,62500,250,563
9,125000,500,1125
10,225000,900,1521
11,375000,1500,2027
12,500000,2000,2251
13,500000,2000,2251
14,500000,2000,1690
15,300000,1200,1014

1,25000,100,103,2017-02-18  12:20:01,216.58.205.49,neubot.mlab.mlab1.nbo01.measurement-lab.org,197.136.0.83
2,25000,100,206
3,50000,200,274
4,62500,250,342
5,75000,300,411
6,100000,400,547
7,125000,500,684
8,125000,500,684
9,125000,500,1025
10,225000,900,1230
11,300000,1200,1641
12,375000,1500,2052
13,500000,2000,913
14,25000,100,82
15,25000,100,206

1,25000,100,207,2017-02-18  12:30:01,216.58.205.209,neubot.mlab.mlab1.atl04.measurement-lab.org,173.205.0.211
2,50000,200,514
3,125000,500,1032
4,225000,900,1491
5,300000,1200,2484
6,500000,2000,606
7,25000,100,415
8,100000,400,1650
9,375000,1500,2478
10,500000,2000,1809
11,375000,1500,1382
12,300000,1200,1421
13,300000,1200,1422
14,300000,1200,1656
15,375000,1500,1736

1,25000,100,169,2017-02-18  12:40:01,172.217.23.113,neubot.mlab.mlab1.nuq03.measurement-lab.org,38.102.163.147
2,37500,150,337
3,75000,300,672
4,125000,500,841
5,175000,700,1179
6,225000,900,2012
7,500000,2000,385
8,25000,100,337
9,75000,300,673
10,125000,500,842
11,175000,700,1568
12,375000,1500,2019
13,500000,2000,2242
14,500000,2000,1683
15,300000,1200,1154

1,25000,100,203,2017-02-18  12:50:01,216.58.205.177,neubot.mlab.mlab1.atl02.measurement-lab.org,38.112.151.83
2,50000,200,540
3,125000,500,809
4,175000,700,1417
5,300000,1200,1946
6,375000,1500,869
7,50000,200,541
8,125000,500,1013
9,225000,900,1823
10,375000,1500,2428
11,500000,2000,1622
12,300000,1200,1217
13,300000,1200,1390
14,300000,1200,1390
15,300000,1200,1391

1,25000,100,167,2017-02-18  13:00:01,216.58.205.209,neubot.mlab.mlab1.lga06.measurement-lab.org,128.177.119.211
2,37500,150,335
3,75000,300,668
4,125000,500,836
5,175000,700,1171
6,225000,900,2002
7,500000,2000,1030
8,25000,100,134
9,25000,100,335
10,75000,300,669
11,125000,500,1114
12,225000,900,1506
13,375000,1500,2005
14,500000,2000,2225
15,500000,2000,2228

1,25000,100,214,2017-02-18  13:10:01,216.58.205.209,neubot.mlab.mlab1.lga05.measurement-lab.org,4.35.94.19
2,50000,200,571
3,125000,500,856
4,175000,700,1496
5,300000,1200,2052
6,500000,2000,1071
7,25000,100,429
8,100000,400,1142
9,225000,900,1924
10,375000,1500,1837
11,375000,1500,2139
12,500000,2000,2141
13,500000,2000,2143
14,500000,2000,2144
15,500000,2000,2392

1,25000,100,263,2017-02-18  13:20:01,216.58.205.209,neubot.mlab.mlab1.svg01.measurement-lab.org,81.167.39.19
2,62500,250,656
3,125000,500,1310
4,300000,1200,2517
5,625000,2500,1315
6,25000,100,526
7,125000,500,1749
8,375000,1500,2252
9,500000,2000,2338
10,500000,2000,1876
11,375000,1500,1434
12,300000,1200,1578
13,375000,1500,1753
14,375000,1500,1875
15,375000,1500,1970

1,25000,100,159,2017-02-18  13:30:01,216.58.205.209,neubot.mlab.mlab1.lax02.measurement-lab.org,63.243.240.83
2,37500,150,319
3,75000,300,635
4,125000,500,795
5,175000,700,1114
6,225000,900,1433
7,300000,1200,2539
8,625000,2500,937
9,25000,100,319
10,75000,300,955
11,225000,900,1433
12,300000,1200,1906
13,375000,1500,1908
14,375000,1500,1908
15,375000,1500,1909

1,25000,100,188,2017-02-18  13:40:01,216.58.205.177,neubot.mlab.mlab1.dfw01.measurement-lab.org,38.107.216.20
2,37500,150,376
3,75000,300,563
4,125000,500,936
5,225000,900,1684
6,375000,1500,2248
7,500000,2000,834
8,25000,100,376
9,75000,300,1123
10,225000,900,1686
11,375000,1500,2248
12,500000,2000,2144
13,500000,2000,2495
14,500000,2000,1001
15,25000,100,376

1,25000,100,217,2017-02-18  13:50:01,216.58.205.209,neubot.mlab.mlab1.lga02.measurement-lab.org,38.106.70.144
2,50000,200,576
3,125000,500,1080
4,225000,900,1559
5,375000,1500,1625
6,375000,1500,1000
7,125000,500,2157
8,500000,2000,2164
9,500000,2000,2165
10,500000,2000,1567
11,225000,900,322
12,25000,100,434
13,100000,400,505
14,125000,500,619
15,125000,500,722

1,25000,100,169,2017-02-18  14:00:01,216.58.205.177,neubot.mlab.mlab1.atl03.measurement-lab.org,64.86.200.211
2,37500,150,337
3,75000,300,504
4,125000,500,840
5,175000,700,1178
6,225000,900,2012
7,500000,2000,1683
8,300000,1200,1345
9,300000,1200,1616
10,375000,1500,1684
11,375000,1500,2013
12,500000,2000,1921
13,375000,1500,2014
14,500000,2000,1922
15,375000,1500,2018

1,25000,100,198,2017-02-18  14:10:01,216.58.205.177,neubot.mlab.mlab1.mia04.measurement-lab.org,173.205.3.147
2,37500,150,394
3,75000,300,787
4,175000,700,1102
5,225000,900,1771
6,375000,1500,2949
7,625000,2500,595
8,25000,100,395
9,75000,300,1182
10,225000,900,1772
11,375000,1500,1970
12,375000,1500,1970
13,375000,1500,1970
14,375000,1500,1974
15,375000,1500,2360

1,25000,100,277,2017-02-18  14:20:01,216.58.205.209,neubot.mlab.mlab1.beg01.measurement-lab.org,188.120.127.19
2,62500,250,691
3,125000,500,321
4,25000,100,277
5,62500,250,384
6,75000,300,474
7,100000,400,632
8,125000,500,690
9,125000,500,789
10,175000,700,859
11,175000,700,967
12,225000,900,830
13,175000,700,704
14,175000,700,633
15,125000,500,615

1,25000,100,274,2017-02-18  14:30:01,216.58.205.177,neubot.mlab.mlab1.arn01.measurement-lab.org,213.248.112.83
2,62500,250,683
3,125000,500,1091
4,225000,900,1963
5,375000,1500,1262
6,225000,900,820
7,175000,700,2540
8,625000,2500,1708
9,225000,900,1405
10,300000,1200,1637
11,375000,1500,1640
12,375000,1500,1820
13,375000,1500,1821
14,375000,1500,2047
15,500000,2000,2142

1,25000,100,181,2017-02-18  14:40:01,216.58.205.209,neubot.mlab.mlab1.mia03.measurement-lab.org,66.110.73.19
2,37500,150,363
3,75000,300,545
4,125000,500,907
5,225000,900,1634
6,375000,1500,1384
7,300000,1200,670
8,25000,100,363
9,75000,300,1089
10,225000,900,1637
11,375000,1500,1816
12,375000,1500,1801
13,375000,1500,1818
14,375000,1500,2123
15,500000,2000,2078

1,25000,100,203,2017-02-18  14:50:01,216.58.198.17,neubot.mlab.mlab1.atl02.measurement-lab.org,38.112.151.83
2,50000,200,539
3,125000,500,808
4,175000,700,1413
5,300000,1200,1944
6,375000,1500,715
7,25000,100,405
8,100000,400,1079
9,225000,900,1817
10,375000,1500,2022
11,500000,2000,2024
12,500000,2000,2025
13,500000,2000,2311
14,500000,2000,1619
15,300000,1200,848

1,25000,100,166,2017-02-18  15:00:01,216.58.205.177,neubot.mlab.mlab1.sea05.measurement-lab.org,64.3.225.83
2,37500,150,331
3,75000,300,660
4,125000,500,1100
5,225000,900,1487
6,300000,1200,1984
7,375000,1500,425
8,25000,100,221
9,50000,200,441
10,100000,400,881
11,175000,700,1158
12,225000,900,1980
13,375000,1500,1984
14,375000,1500,1985
15,375000,1500,1984

1,25000,100,208,2017-02-18  15:10:01,216.58.205.49,neubot.mlab.mlab1.mad01.measurement-lab.org,213.200.103.147
2,50000,200,553
3,125000,500,829
4,175000,700,1448
5,300000,1200,1991
6,375000,1500,1556
7,375000,1500,1226
8,225000,900,1864
9,375000,1500,2074
10,500000,2000,2074
11,500000,2000,2075
12,500000,2000,2216
13,500000,2000,2318
14,500000,2000,1844
15,375000,1500,1336

1,25000,100,203,2017-02-18  15:20:01,216.58.205.209,neubot.mlab.mlab1.mnl01.measurement-lab.org,202.90.156.19
2,50000,200,540
3,125000,500,809
4,175000,700,1415
5,300000,1200,2426
6,500000,2000,731
7,25000,100,406
8,100000,400,1079
9,225000,900,1820
10,375000,1500,2424
11,500000,2000,1619
12,300000,1200,1215
13,300000,1200,1388
14,300000,1200,1388
15,300000,1200,1388

1,25000,100,91,2017-02-18  15:30:01,216.58.205.209,neubot.mlab.mlab1.jnb01.measurement-lab.org,196.24.45.147
2,25000,100,183
3,37500,150,273
4,62500,250,304
5,75000,300,365
6,75000,300,365
7,75000,300,547
8,125000,500,608
9,125000,500,608
10,125000,500,911
11,225000,900,1093
12,225000,900,1094
13,225000,900,1638
14,375000,1500,1822
15,375000,1500,1823

1,25000,100,298,2017-02-18  15:40:01,216.58.205.209,neubot.mlab.mlab1.vie01.measurement-lab.org,213.208.152.19
2,62500,250,743
3,175000,700,1588
4,375000,1500,1352
5,300000,1200,1022
6,175000,700,2082
7,500000,2000,2381
8,500000,2000,2167
9,500000,2000,1123
10,50000,200,1188
11,225000,900,1531
12,375000,1500,1748
13,375000,1500,1787
14,375000,1500,1984
15,375000,1500,1987

1,25000,100,162,2017-02-18  15:50:01,216.58.205.209,neubot.mlab.mlab1.par01.measurement-lab.org,80.239.168.212
2,37500,150,324
3,75000,300,648
4,125000,500,809
5,175000,700,1136
6,225000,900,1938
7,375000,1500,1216
8,225000,900,522
9,25000,100,324
10,75000,300,968
11,225000,900,1455
12,300000,1200,1930
13,375000,1500,1940
14,375000,1500,1935
15,375000,1500,1928

1,25000,100,141,2017-02-18  16:00:01,216.58.205.209,neubot.mlab.mlab1.wlg02.measurement-lab.org,163.7.129.83
2,25000,100,282
3,62500,250,352
4,75000,300,562
5,125000,500,703
6,175000,700,983
7,225000,900,1684
8,375000,1500,969
9,100000,400,316
10,50000,200,562
11,125000,500,936
12,225000,900,1265
13,300000,1200,1685
14,375000,1500,1685
15,375000,1500,1686

1,25000,100,164,2017-02-18  16:10:01,216.58.205.209,neubot.mlab.mlab1.nuq04.measurement-lab.org,66.110.32.83
2,37500,150,334
3,75000,300,656
4,125000,500,834
5,175000,700,1168
6,225000,900,2000
7,500000,2000,1013
8,25000,100,329
9,75000,300,652
10,125000,500,1080
11,225000,900,1505
12,375000,1500,1981
13,375000,1500,1950
14,375000,1500,1981
15,375000,1500,1991

1,25000,100,216,2017-02-18  16:20:01,216.58.205.209,neubot.mlab.mlab1.iad04.measurement-lab.org,173.205.4.19
2,50000,200,574
3,125000,500,1074
4,225000,900,1551
5,375000,1500,2099
6,500000,2000,1151
7,75000,300,1288
8,300000,1200,2066
9,500000,2000,2153
10,500000,2000,2154
11,500000,2000,2109
12,500000,2000,959
13,25000,100,431
14,100000,400,1147
15,225000,900,1293

1,25000,100,103,2017-02-18  16:30:01,216.58.205.209,neubot.mlab.mlab1.nbo01.measurement-lab.org,197.136.0.83
2,25000,100,137
3,25000,100,206
4,50000,200,274
5,62500,250,342
6,75000,300,410
7,100000,400,547
8,125000,500,684
9,125000,500,684
10,125000,500,1025
11,225000,900,1230
12,300000,1200,1640
13,375000,1500,2052
14,500000,2000,587
15,25000,100,82

1,25000,100,167,2017-02-18  16:40:02,216.58.198.17,neubot.mlab.mlab1.lax05.measurement-lab.org,128.177.109.211
2,37500,150,335
3,75000,300,668
4,125000,500,837
5,175000,700,1556
6,375000,1500,2503
7,625000,2500,1045
8,25000,100,335
9,75000,300,1002
10,225000,900,1504
11,375000,1500,1671
12,375000,1500,1672
13,375000,1500,1672
14,375000,1500,2003
15,500000,2000,1911

1,25000,100,278,2017-02-18  16:50:01,216.58.205.209,neubot.mlab.mlab1.tun01.measurement-lab.org,41.231.21.19
2,62500,250,920
3,225000,900,2003
4,500000,2000,1238
5,100000,400,1479
6,300000,1200,3316
7,750000,3000,1858
8,175000,700,1946
9,375000,1500,2381
10,500000,2000,1715
11,300000,1200,1339
12,300000,1200,1498
13,300000,1200,1671
14,375000,1500,1859
15,375000,1500,2088

1,25000,100,208,2017-02-18  17:00:01,216.58.198.17,neubot.mlab.mlab1.iad02.measurement-lab.org,38.90.140.147
2,50000,200,415
3,100000,400,829
4,175000,700,1449
5,300000,1200,1990
6,375000,1500,832
7,37500,150,416
8,100000,400,830
9,175000,700,1451
10,300000,1200,1659
11,375000,1500,1779
12,375000,1500,2076
13,500000,2000,2076
14,500000,2000,2078
15,500000,2000,2078

1,25000,100,204,2017-02-18  17:10:01,108.177.96.141,neubot.mlab.mlab1.ord02.measurement-lab.org,38.65.210.211
2,50000,200,542
3,125000,500,815
4,175000,700,1424
5,300000,1200,2444
6,500000,2000,653
7,25000,100,410
8,100000,400,1088
9,225000,900,1469
10,300000,1200,1633
11,375000,1500,1532
12,375000,1500,1747
13,375000,1500,1749
14,375000,1500,1749
15,375000,1500,1749

1,25000,100,296,2017-02-18  17:20:02,216.58.205.209,neubot.mlab.mlab1.vie01.measurement-lab.org,213.208.152.19
2,62500,250,746
3,175000,700,1668
4,375000,1500,1104
5,175000,700,760
6,175000,700,2082
7,500000,2000,2172
8,500000,2000,1196
9,75000,300,1194
10,225000,900,1537
11,375000,1500,1794
12,375000,1500,1991
13,375000,1500,1991
14,375000,1500,2237
15,500000,2000,2380

1,25000,100,212,2017-02-18  17:30:01,216.58.218.113,neubot.mlab.mlab1.trn01.measurement-lab.org,194.116.85.211
2,50000,200,562
3,125000,500,845
4,175000,700,1478
5,300000,1200,2531
6,625000,2500,1006
7,25000,100,424
8,100000,400,1678
9,375000,1500,2112
10,500000,2000,2113
11,500000,2000,2115
12,500000,2000,2413
13,500000,2000,1409
14,175000,700,1183
15,225000,900,1266

1,25000,100,208,2017-02-18  17:40:01,172.217.23.113,neubot.mlab.mlab1.atl01.measurement-lab.org,4.71.254.146
2,50000,200,552
3,125000,500,1034
4,225000,900,1863
5,375000,1500,689
6,25000,100,200
7,50000,200,554
8,125000,500,693
9,125000,500,830
10,175000,700,831
11,175000,700,969
12,225000,900,970
13,225000,900,1068
14,225000,900,1069
15,225000,900,1246

1,25000,100,137,2017-02-18  17:50:01,216.58.205.209,neubot.mlab.mlab1.tpe01.measurement-lab.org,163.22.28.19
2,25000,100,274
3,62500,250,456
4,100000,400,729
5,175000,700,957
6,225000,900,1637
7,375000,1500,2050
8,500000,2000,731
9,25000,100,274
10,62500,250,457
11,100000,400,730
12,175000,700,1276
13,300000,1200,2184
14,500000,2000,1825
15,375000,1500,821

1,25000,100,163,2017-02-18  18:00:02,216.58.205.209,neubot.mlab.mlab1.lax01.measurement-lab.org,38.98.51.19
2,37500,150,326
3,75000,300,650
4,125000,500,1083
5,225000,900,1463
6,300000,1200,1950
7,375000,1500,1595
8,375000,1500,692
9,25000,100,327
10,75000,300,978
11,225000,900,1466
12,300000,1200,1564
13,375000,1500,1910
14,375000,1500,1951
15,375000,1500,1952

1,25000,100,161,2017-02-18  18:10:01,216.58.205.209,neubot.mlab.mlab1.sea02.measurement-lab.org,63.243.224.19
2,37500,150,325
3,75000,300,480
4,100000,400,815
5,175000,700,1103
6,225000,900,1430
7,300000,1200,1925
8,375000,1500,1577
9,375000,1500,1187
10,175000,700,1467
11,300000,1200,1892
12,375000,1500,1889
13,375000,1500,1903
14,375000,1500,1943
15,375000,1500,1883

1,25000,100,165,2017-02-18  18:20:01,216.58.205.209,neubot.mlab.mlab1.atl03.measurement-lab.org,64.86.200.211
2,37500,150,335
3,75000,300,501
4,125000,500,828
5,175000,700,1579
6,375000,1500,2516
7,625000,2500,399
8,25000,100,337
9,75000,300,1004
10,225000,900,1483
11,300000,1200,2005
12,500000,2000,1916
13,375000,1500,1971
14,375000,1500,1987
15,375000,1500,2002

1,25000,100,278,2017-02-18  18:30:02,216.58.205.209,neubot.mlab.mlab1.tun01.measurement-lab.org,41.231.21.19
2,62500,250,698
3,125000,500,1263
4,300000,1200,3310
5,750000,3000,1455
6,25000,100,280
7,62500,250,926
8,225000,900,1668
9,375000,1500,1858
10,375000,1500,2086
11,500000,2000,2230
12,500000,2000,1858
13,375000,1500,1521
14,375000,1500,1670
15,375000,1500,1855

1,25000,100,144,2017-02-18  18:40:01,172.217.23.113,neubot.mlab.mlab1.akl01.measurement-lab.org,163.7.129.19
2,25000,100,287
3,62500,250,461
4,100000,400,765
5,175000,700,1006
6,225000,900,1722
7,375000,1500,736
8,25000,100,144
9,25000,100,288
10,62500,250,479
11,100000,400,766
12,175000,700,1337
13,300000,1200,1722
14,375000,1500,1721
15,375000,1500,1724

1,25000,100,160,2017-02-18  18:50:01,216.58.205.177,neubot.mlab.mlab1.nuq04.measurement-lab.org,66.110.32.83
2,37500,150,327
3,75000,300,644
4,125000,500,803
5,175000,700,1476
6,300000,1200,1919
7,375000,1500,807
8,25000,100,96
9,25000,100,328
10,75000,300,486
11,100000,400,866
12,175000,700,1522
13,375000,1500,1921
14,375000,1500,1923
15,375000,1500,2414

1,25000,100,168,2017-02-18  19:00:01,216.58.205.209,neubot.mlab.mlab1.mad01.measurement-lab.org,213.200.103.147
2,37500,150,343
3,75000,300,694
4,125000,500,851
5,175000,700,1186
6,225000,900,2046
7,500000,2000,1362
8,175000,700,1205
9,300000,1200,1344
10,300000,1200,1347
11,300000,1200,1354
12,300000,1200,1359
13,300000,1200,1652
14,375000,1500,1708
15,375000,1500,1769

1,25000,100,214,2017-02-18  19:10:02,216.58.205.209,neubot.mlab.mlab1.lga05.measurement-lab.org,4.35.94.19
2,50000,200,571
3,125000,500,1069
4,225000,900,1922
5,375000,1500,914
6,75000,300,417
7,100000,400,855
8,175000,700,1497
9,300000,1200,2053
10,500000,2000,2140
11,500000,2000,2142
12,500000,2000,1903
13,375000,1500,988
14,100000,400,1136
15,225000,900,1284

1,25000,100,161,2017-02-18  19:20:01,216.58.205.177,neubot.mlab.mlab1.nuq04.measurement-lab.org,66.110.32.83
2,37500,150,324
3,75000,300,487
4,100000,400,860
5,175000,700,1117
6,225000,900,1928
7,375000,1500,418
8,25000,100,103
9,25000,100,325
10,75000,300,484
11,100000,400,856
12,175000,700,1136
13,225000,900,1923
14,375000,1500,1923
15,375000,1500,1919

1,25000,100,163,2017-02-18  19:30:02,216.58.205.209,neubot.mlab.mlab1.sea02.measurement-lab.org,63.243.224.19
2,37500,150,323
3,75000,300,647
4,125000,500,804
5,175000,700,1136
6,225000,900,1479
7,300000,1200,2623
8,625000,2500,417
9,25000,100,322
10,75000,300,985
11,225000,900,1938
12,375000,1500,1951
13,375000,1500,1936
14,375000,1500,1948
15,375000,1500,1936

1,25000,100,215,2017-02-18  19:40:01,216.58.205.209,neubot.mlab.mlab1.lga05.measurement-lab.org,4.35.94.19
2,50000,200,429
3,100000,400,857
4,175000,700,1437
5,300000,1200,2059
6,500000,2000,520
7,25000,100,429
8,100000,400,1139
9,225000,900,1928
10,375000,1500,2570
11,625000,2500,1432
12,75000,300,1283
13,300000,1200,1470
14,300000,1200,1472
15,300000,1200,1472

1,25000,100,140,2017-02-18  19:50:02,216.58.205.177,neubot.mlab.mlab1.wlg02.measurement-lab.org,163.7.129.83
2,25000,100,280
3,62500,250,466
4,100000,400,560
5,125000,500,932
6,225000,900,1258
7,300000,1200,1678
8,375000,1500,2791
9,625000,2500,663
10,25000,100,281
11,62500,250,700
12,175000,700,1953
13,375000,1500,2096
14,500000,2000,2236
15,500000,2000,2236

1,25000,100,169,2017-02-18  20:00:01,216.58.205.209,neubot.mlab.mlab1.trn01.measurement-lab.org,194.116.85.211
2,37500,150,337
3,75000,300,673
4,125000,500,502
5,125000,500,146
6,25000,100,225
7,50000,200,270
8,62500,250,337
9,75000,300,253
10,50000,200,150
11,25000,100,95
12,25000,100,169
13,37500,150,202
14,50000,200,225
15,50000,200,105

1,25000,100,187,2017-02-18  20:10:01,216.58.205.177,neubot.mlab.mlab1.dfw05.measurement-lab.org,128.177.163.83
2,37500,150,373
3,75000,300,745
4,175000,700,1302
5,300000,1200,1790
6,375000,1500,228
7,25000,100,122
8,25000,100,348
9,75000,300,560
10,125000,500,933
11,225000,900,1677
12,375000,1500,2234
13,500000,2000,1867
14,375000,1500,853
15,50000,200,744

1,25000,100,320,2017-02-18  20:20:02,216.58.205.209,neubot.mlab.mlab1.lhr01.measurement-lab.org,217.163.1.81
2,75000,300,955
3,225000,900,2286
4,500000,2000,1215
5,100000,400,1697
6,375000,1500,2389
7,500000,2000,1925
8,375000,1500,1275
9,225000,900,1433
10,300000,1200,1530
11,375000,1500,1738
12,375000,1500,1912
13,375000,1500,2122
14,500000,2000,2315
15,500000,2000,1700

1,25000,100,135,2017-02-18  20:30:01,216.58.198.17,neubot.mlab.mlab1.den04.measurement-lab.org,128.177.109.83
2,25000,100,270
3,62500,250,175
4,25000,100,108
5,25000,100,180
6,37500,150,270
7,62500,250,338
8,75000,300,324
9,75000,300,405
10,100000,400,187
11,25000,100,108
12,25000,100,180
13,37500,150,203
14,50000,200,270
15,62500,250,90

1,25000,100,187,2017-02-18  20:40:01,216.58.205.49,neubot.mlab.mlab1.dfw01.measurement-lab.org,38.107.216.20
2,37500,150,375
3,75000,300,562
4,125000,500,935
5,225000,900,1684
6,375000,1500,2245
7,500000,2000,750
8,25000,100,376
9,75000,300,1122
10,225000,900,1684
11,375000,1500,1873
12,375000,1500,2245
13,500000,2000,2140
14,500000,2000,2140
15,500000,2000,2142

1,25000,100,186,2017-02-18  20:50:01,216.58.205.177,neubot.mlab.mlab1.dfw05.measurement-lab.org,128.177.163.83
2,37500,150,371
3,75000,300,741
4,175000,700,1296
5,300000,1200,2218
6,500000,2000,563
7,25000,100,372
8,75000,300,1105
9,225000,900,1667
10,375000,1500,2224
11,500000,2000,2120
12,500000,2000,2120
13,500000,2000,1856
14,375000,1500,461
15,25000,100,372

1,25000,100,270,2017-02-18  21:00:01,216.58.205.49,neubot.mlab.mlab1.arn01.measurement-lab.org,213.248.112.83
2,62500,250,675
3,125000,500,1345
4,300000,1200,2157
5,500000,2000,715
6,25000,100,541
7,125000,500,1794
8,375000,1500,2311
9,500000,2000,1543
10,225000,900,1388
11,300000,1200,1439
12,300000,1200,1619
13,375000,1500,1620
14,375000,1500,1799
15,375000,1500,2022

1,25000,100,302,2017-02-18  21:10:01,216.58.205.49,neubot.mlab.mlab1.ams02.measurement-lab.org,72.26.217.80
2,75000,300,899
3,175000,700,1400
4,300000,1200,2402
5,500000,2000,1162
6,75000,300,1793
7,375000,1500,2572
8,625000,2500,1433
9,75000,300,1203
10,300000,1200,1604
11,375000,1500,1802
12,375000,1500,1804
13,375000,1500,2003
14,500000,2000,2187
15,500000,2000,2248

1,25000,100,51,2017-02-18  21:20:01,216.58.205.49,neubot.mlab.mlab1.atl03.measurement-lab.org,64.86.200.211
2,25000,100,107
3,25000,100,134
4,25000,100,63
5,25000,100,76
6,25000,100,107
7,25000,100,71
8,25000,100,107
9,25000,100,134
10,25000,100,134
11,25000,100,178
12,37500,150,201
13,50000,200,148
14,25000,100,128
15,25000,100,132

1,25000,100,200,2017-02-18  21:30:02,216.58.205.49,neubot.mlab.mlab1.yul01.measurement-lab.org,162.219.49.19
2,50000,200,533
3,125000,500,998
4,225000,900,1797
5,375000,1500,1200
6,225000,900,1030
7,225000,900,1799
8,375000,1500,1999
9,375000,1500,1999
10,375000,1500,2004
11,500000,2000,2285
12,500000,2000,1335
13,125000,500,799
14,175000,700,801
15,175000,700,933

1,25000,100,205,2017-02-18  21:40:01,216.58.205.209,neubot.mlab.mlab1.ord01.measurement-lab.org,4.71.251.146
2,50000,200,409
3,100000,400,653
4,125000,500,1021
5,225000,900,1837
6,375000,1500,2043
7,500000,2000,962
8,25000,100,408
9,100000,400,1628
10,375000,1500,1747
11,375000,1500,1750
12,375000,1500,1750
13,375000,1500,2040
14,500000,2000,2041
15,500000,2000,2041

1,25000,100,137,2017-02-18  21:50:02,216.58.205.209,neubot.mlab.mlab1.tpe01.measurement-lab.org,163.22.28.19
2,25000,100,274
3,62500,250,456
4,100000,400,706
5,175000,700,958
6,225000,900,1640
7,375000,1500,660
8,25000,100,110
9,25000,100,171
10,37500,150,206
11,50000,200,219
12,50000,200,274
13,62500,250,274
14,62500,250,342
15,75000,300,380

1,25000,100,303,2017-02-18  22:00:01,216.58.205.209,neubot.mlab.mlab1.ams02.measurement-lab.org,72.26.217.80
2,75000,300,905
3,225000,900,1817
4,375000,1500,263
5,25000,100,404
6,100000,400,1209
7,300000,1200,2422
8,500000,2000,1865
9,375000,1500,1517
10,375000,1500,1815
11,375000,1500,1817
12,375000,1500,2017
13,500000,2000,2200
14,500000,2000,1981
15,375000,1500,1135

1,25000,100,170,2017-02-18  22:10:01,216.58.205.209,neubot.mlab.mlab1.lax03.measurement-lab.org,173.205.3.83
2,37500,150,338
3,75000,300,676
4,125000,500,846
5,175000,700,1183
6,225000,900,2023
7,500000,2000,968
8,25000,100,136
9,25000,100,226
10,50000,200,451
11,100000,400,677
12,125000,500,1126
13,225000,900,1522
14,375000,1500,2028
15,500000,2000,2251

1,25000,100,299,2017-02-18  22:20:01,216.58.205.209,neubot.mlab.mlab1.ham01.measurement-lab.org,80.239.142.212
2,62500,250,744
3,175000,700,1668
4,375000,1500,816
5,25000,100,239
6,50000,200,795
7,175000,700,1192
8,225000,900,1341
9,300000,1200,1434
10,300000,1200,1590
11,375000,1500,1791
12,375000,1500,1990
13,375000,1500,1990
14,375000,1500,2119
15,500000,2000,2385

1,25000,100,164,2017-02-18  22:30:01,216.58.205.49,neubot.mlab.mlab1.trn01.measurement-lab.org,194.116.85.211
2,37500,150,82
3,25000,100,115
4,25000,100,65
5,25000,100,131
6,25000,100,154
7,37500,150,197
8,37500,150,82
9,25000,100,82
10,25000,100,128
11,25000,100,164
12,37500,150,88
13,25000,100,64
14,25000,100,131
15,25000,100,164

1,25000,100,192,2017-02-18  22:40:01,216.58.205.209,neubot.mlab.mlab1.dfw03.measurement-lab.org,4.15.35.147
2,37500,150,383
3,75000,300,763
4,175000,700,1072
5,225000,900,1719
6,375000,1500,2295
7,500000,2000,1094
8,37500,150,574
9,125000,500,1903
10,375000,1500,1915
11,375000,1500,2294
12,500000,2000,2186
13,500000,2000,2189
14,500000,2000,2189
15,500000,2000,2187

1,25000,100,188,2017-02-18  22:50:02,216.58.205.209,neubot.mlab.mlab1.lga03.measurement-lab.org,64.86.148.147
2,37500,150,373
3,75000,300,741
4,175000,700,1293
5,300000,1200,2257
6,500000,2000,1259
7,125000,500,945
8,225000,900,971
9,225000,900,969
10,225000,900,1127
11,225000,900,1126
12,225000,900,1126
13,225000,900,1133
14,225000,900,1202
15,300000,1200,1292

1,25000,100,167,2017-02-18  23:00:02,172.217.23.113,neubot.mlab.mlab1.atl05.measurement-lab.org,67.106.215.211
2,37500,150,334
3,75000,300,667
4,125000,500,833
5,175000,700,1553
6,375000,1500,2497
7,500000,2000,494
8,25000,100,333
9,75000,300,999
10,225000,900,1499
11,300000,1200,1992
12,375000,1500,1993
13,375000,1500,1994
14,375000,1500,1995
15,375000,1500,666

1,25000,100,168,2017-02-18  23:10:01,216.58.205.209,neubot.mlab.mlab1.nuq03.measurement-lab.org,38.102.163.147
2,37500,150,336
3,75000,300,673
4,125000,500,838
5,175000,700,1173
6,225000,900,2012
7,500000,2000,1344
8,125000,500,1678
9,375000,1500,1259
10,225000,900,756
11,125000,500,337
12,37500,150,503
13,125000,500,559
14,125000,500,671
15,125000,500,671

1,25000,100,137,2017-02-18  23:20:01,216.58.205.49,neubot.mlab.mlab1.tpe01.measurement-lab.org,163.22.28.19
2,25000,100,274
3,62500,250,454
4,100000,400,726
5,175000,700,955
6,225000,900,1637
7,375000,1500,1367
8,300000,1200,409
9,25000,100,274
10,62500,250,455
11,100000,400,547
12,125000,500,547
13,125000,500,682
14,125000,500,682
15,125000,500,682

1,25000,100,110,2017-02-18  23:30:01,216.58.205.209,neubot.mlab.mlab1.ath03.measurement-lab.org,193.201.166.147
2,25000,100,220
3,50000,200,292
4,62500,250,366
5,75000,300,439
6,100000,400,585
7,125000,500,730
8,175000,700,1022
9,225000,900,1314
10,300000,1200,1750
11,375000,1500,1644
12,375000,1500,548
13,25000,100,220
14,50000,200,439
15,100000,400,877

1,25000,100,198,2017-02-18  23:40:01,216.58.205.209,neubot.mlab.mlab1.mia01.measurement-lab.org,4.71.210.210
2,37500,150,396
3,75000,300,592
4,125000,500,987
5,225000,900,1774
6,375000,1500,698
7,25000,100,158
8,37500,150,297
9,62500,250,396
10,75000,300,475
11,100000,400,526
12,125000,500,563
13,125000,500,657
14,125000,500,658
15,125000,500,655

1,25000,100,197,2017-02-18  23:50:01,216.58.205.209,neubot.mlab.mlab1.mia04.measurement-lab.org,173.205.3.147
2,37500,150,393
3,75000,300,588
4,125000,500,978
5,225000,900,1760
6,375000,1500,978
7,100000,400,1043
8,225000,900,1413
9,300000,1200,855
10,125000,500,783
11,175000,700,783
12,175000,700,913
13,225000,900,988
14,225000,900,705
15,125000,500,653

